<?xml version="1.0" encoding="UTF-8"?>
<project-private xmlns="http://www.netbeans.org/ns/project-private/1">
    <open-files xmlns="http://www.netbeans.org/ns/projectui-open-files/2">
        <group>
            <file>file:/C:/xampp/htdocs/codeIgniterPractice/application/controllers/News.php</file>
            <file>file:/C:/xampp/htdocs/codeIgniterPractice/application/models/News_Model.php</file>
            <file>file:/C:/xampp/htdocs/codeIgniterPractice/application/views/news/create.php</file>
            <file>file:/C:/xampp/htdocs/codeIgniterPractice/application/views/news/view.php</file>
            <file>file:/C:/xampp/htdocs/codeIgniterPractice/application/views/user/login.php</file>
            <file>file:/C:/xampp/htdocs/codeIgniterPractice/application/views/user/register.php</file>
            <file>file:/C:/xampp/htdocs/codeIgniterPractice/application/controllers/api/RestAPI.php</file>
            <file>file:/C:/xampp/htdocs/codeIgniterPractice/application/config/routes.php</file>
            <file>file:/C:/xampp/htdocs/codeIgniterPractice/application/controllers/User.php</file>
            <file>file:/C:/xampp/htdocs/codeIgniterPractice/application/models/User_Model.php</file>
            <file>file:/C:/xampp/htdocs/codeIgniterPractice/application/views/templates/header.php</file>
            <file>file:/C:/xampp/htdocs/codeIgniterPractice/application/views/news/index.php</file>
            <file>file:/C:/xampp/htdocs/codeIgniterPractice/application/libraries/REST_Controller.php</file>
        </group>
    </open-files>
</project-private>
